SADF_Statistic,Critical_90%,Critical_95%,Critical_99%,Break_Points
1.574558511330125,1.3989332851085565,1.7555532963421872,2.1370742147602293,[]
