SADF_Statistic,Critical_90%,Critical_95%,Critical_99%,Break_Points
1.3839793028608123,1.6444277241901175,1.9067422492113535,2.2994828886350023,[]
