SADF_Statistic,Critical_90%,Critical_95%,Critical_99%,Break_Points
1.4148629343648387,1.633784803974858,1.8866882888916685,2.391961157188275,[]
